git mv Bio::GMOD.md Bio%3A%3AGMOD.md
git mv BioGraphics:vista_plot_glyph.md BioGraphics%3Avista_plot_glyph.md
git mv Chado::AutoDBI.md Chado%3A%3AAutoDBI.md
git mv Chado::AutoDBI_Presentation.md Chado%3A%3AAutoDBI_Presentation.md
git mv DBD::mysql_on_the_Mac.md DBD%3A%3Amysql_on_the_Mac.md
git mv Databases:_Primary,_Foreign_and_Alternate_Keys.md Databases%3A_Primary,_Foreign_and_Alternate_Keys.md
git mv Databases:_Tables,_Rows,_and_Columns.md Databases%3A_Tables,_Rows,_and_Columns.md
git mv Form:Component_information.md Form%3AComponent_information.md
git mv Form:Tool_data.md Form%3ATool_data.md
git mv GMOD:About.md GMOD%3AAbout.md
git mv GO::TermFinder.1.md GO%3A%3ATermFinder.1.md
git mv GO::TermFinder/tool_data.md GO%3A%3ATermFinder/tool_data.md
git mv Help:Editing.md Help%3AEditing.md
git mv LabDoc:_Generic_Laboratory_Protocol_Documentation_System.md LabDoc%3A_Generic_Laboratory_Protocol_Documentation_System.md
git mv MediaWiki:Common.css.md MediaWiki%3ACommon.css.md
git mv Special%3ASearchByProperty/Talk:Bio/Schema.md Special%3ASearchByProperty/Talk%3ABio/Schema.md
git mv Talk:Bio::Chado::Schema.md Talk%3ABio%3A%3AChado%3A%3ASchema.md
git mv Talk:Bio_GMOD_GenericGenePage.md Talk%3ABio_GMOD_GenericGenePage.md
git mv Talk:Chado_Documentation_Reorganization.md Talk%3AChado_Documentation_Reorganization.md
git mv Talk:Chado_GBrowse_Summary_View.md Talk%3AChado_GBrowse_Summary_View.md
git mv Talk:Chado_Natural_Diversity_Module/natdiv_schema_changes_call.md Talk%3AChado_Natural_Diversity_Module/natdiv_schema_changes_call.md
git mv Talk:Chado_Natural_Diversity_Module_Working_Group.md Talk%3AChado_Natural_Diversity_Module_Working_Group.md
git mv Talk:Chado_New_Users.md Talk%3AChado_New_Users.md
git mv Talk:Chado_Post-Composed_Phenotypes.md Talk%3AChado_Post-Composed_Phenotypes.md
git mv Talk:Chado_Publication_Module.md Talk%3AChado_Publication_Module.md
git mv Talk:Chado_Tables.md Talk%3AChado_Tables.md
git mv Talk:Community.md Talk%3ACommunity.md
git mv Talk:Community_Annotation_-_September_2010_Satellite.md Talk%3ACommunity_Annotation_-_September_2010_Satellite.md
git mv Talk:Debian_Stable_Installation_Notes.md Talk%3ADebian_Stable_Installation_Notes.md
git mv Talk:GBrowse.md Talk%3AGBrowse.md
git mv Talk:GBrowse_1_Configuration_HOWTO.md Talk%3AGBrowse_1_Configuration_HOWTO.md
git mv Talk:GBrowse_2.0_HOWTO.md Talk%3AGBrowse_2.0_HOWTO.md
git mv Talk:GBrowse_Adaptors.md Talk%3AGBrowse_Adaptors.md
git mv Talk:GBrowse_Configuration/Balloons.md Talk%3AGBrowse_Configuration/Balloons.md
git mv Talk:GBrowse_Configuration/DAS.md Talk%3AGBrowse_Configuration/DAS.md
git mv Talk:GBrowse_Configuration_HOWTO.md Talk%3AGBrowse_Configuration_HOWTO.md
git mv Talk:GBrowse_Install_HOWTO.md Talk%3AGBrowse_Install_HOWTO.md
git mv Talk:GBrowse_MacOSX_HOWTO.md Talk%3AGBrowse_MacOSX_HOWTO.md
git mv Talk:GBrowse_NGS_Tutorial.md Talk%3AGBrowse_NGS_Tutorial.md
git mv Talk:GBrowse_Persistent_Variables.md Talk%3AGBrowse_Persistent_Variables.md
git mv Talk:GBrowse_Tutorial.md Talk%3AGBrowse_Tutorial.md
git mv Talk:GBrowse_Ubuntu_HOWTO.md Talk%3AGBrowse_Ubuntu_HOWTO.md
git mv Talk:GBrowse_syn.md Talk%3AGBrowse_syn.md
git mv Talk:GFF.md Talk%3AGFF.md
git mv Talk:GMODTools.md Talk%3AGMODTools.md
git mv Talk:GMOD_Evo_Hackathon_Proposal.md Talk%3AGMOD_Evo_Hackathon_Proposal.md
git mv Talk:GMOD_Help_Desk.md Talk%3AGMOD_Help_Desk.md
git mv Talk:GMOD_Mailing_Lists.md Talk%3AGMOD_Mailing_Lists.md
git mv Talk:GMOD_Project_Page.md Talk%3AGMOD_Project_Page.md
git mv Talk:GMOD_Promotion.md Talk%3AGMOD_Promotion.md
git mv Talk:GMOD_REST_Hackathon.md Talk%3AGMOD_REST_Hackathon.md
git mv Talk:Hackathon_2007_info.md Talk%3AHackathon_2007_info.md
git mv Talk:Interface_test.md Talk%3AInterface_test.md
git mv Talk:Introduction_to_Chado.md Talk%3AIntroduction_to_Chado.md
git mv Talk:January_2010_GMOD_Meeting.md Talk%3AJanuary_2010_GMOD_Meeting.md
git mv Talk:Linux_Text_Editors.md Talk%3ALinux_Text_Editors.md
git mv Talk:LuceGene.md Talk%3ALuceGene.md
git mv Talk:Overview.md Talk%3AOverview.md
git mv Talk:Spring_2010_Logo_Program.md Talk%3ASpring_2010_Logo_Program.md
git mv Talk:Stock_Relationship_Ontology.md Talk%3AStock_Relationship_Ontology.md
git mv Talk:Textpresso.md Talk%3ATextpresso.md
git mv Template_talk:GBrowse.md Template_talk%3AGBrowse.md
git mv User_talk:Alexkalderimis.md User_talk%3AAlexkalderimis.md
git mv User_talk:Eric_Rasche.md User_talk%3AEric_Rasche.md
git mv User_talk:Girlwithglasses.md User_talk%3AGirlwithglasses.md
git mv User_talk:Maccallr.md User_talk%3AMaccallr.md
git mv User_talk:RSCummings.md User_talk%3ARSCummings.md
git mv User_talk:Rbruggne.md User_talk%3ARbruggne.md
git mv User_talk:RobertBuels.md User_talk%3ARobertBuels.md
git mv User_talk:Scott.md User_talk%3AScott.md
